,filename,label
0,20230403_180028_000198.jpg,3
1,20230403_180028_000199.jpg,3
2,20230403_180028_000200.jpg,3
3,20230403_180028_000201.jpg,3
4,20230403_180652_000020.jpg,3
5,20230403_180652_000021.jpg,3
6,20230403_180652_000022.jpg,3
7,20230403_180652_000023.jpg,3
8,20230403_180652_000024.jpg,3
9,20230403_180652_000025.jpg,3
10,20230403_180652_000026.jpg,3
11,20230403_180652_000027.jpg,3
12,20230403_180652_000028.jpg,3
13,20230403_180652_000029.jpg,3
14,20230403_180652_000030.jpg,3
15,20230403_180652_000031.jpg,3
16,20230403_180652_000032.jpg,3
17,20230403_180652_000033.jpg,3
18,20230403_180652_000034.jpg,3
19,20230403_180652_000035.jpg,3
20,20230403_180652_000036.jpg,3
21,20230403_180652_000037.jpg,3
22,20230403_180652_000038.jpg,3
23,20230403_180652_000039.jpg,3
24,20230403_180652_000040.jpg,3
25,20230403_180652_000041.jpg,3
26,20230403_180652_000042.jpg,3
27,20230403_180652_000043.jpg,3
28,20230403_180652_000044.jpg,3
29,20230403_180652_000045.jpg,3
30,20230403_180652_000046.jpg,3
31,20230403_180652_000047.jpg,3
32,20230403_182052_000001.jpg,3
33,20230403_182052_000002.jpg,3
34,20230403_182052_000235.jpg,3
35,20230403_182052_000236.jpg,3
36,20230403_182052_000237.jpg,3
37,20230403_182052_000238.jpg,3
38,20230403_182052_000239.jpg,3
39,20230403_182052_000240.jpg,3
40,20230403_182052_000241.jpg,3
41,20230403_182052_000242.jpg,3
42,20230403_182052_000243.jpg,3
43,20230403_182052_000244.jpg,3
44,20230411_180255_000034.jpg,3
45,20230411_180255_000035.jpg,3
46,20230411_180255_000036.jpg,3
47,20230411_180255_000102.jpg,3
48,20230411_180255_000103.jpg,3
49,20230411_180255_000104.jpg,3
50,20230411_180255_000105.jpg,3
51,20230411_180255_000106.jpg,3
52,20230411_180255_000107.jpg,3
53,20230411_180255_000108.jpg,3
54,20230411_180255_000109.jpg,3
55,20230411_180255_000110.jpg,3
56,20230411_180255_000111.jpg,3
57,20230411_180255_000112.jpg,3
58,20230411_180255_000113.jpg,3
59,20230411_180255_000114.jpg,3
60,20230411_180255_000115.jpg,3
61,20230411_180255_000116.jpg,3
62,20230411_180255_000117.jpg,3
63,20230411_180255_000118.jpg,3
64,20230411_180255_000119.jpg,3
65,20230411_180255_000120.jpg,3
66,20230411_180255_000121.jpg,3
67,20230411_180255_000122.jpg,3
68,20230411_180255_000123.jpg,3
69,20230411_180255_000124.jpg,3
70,20230411_180255_000125.jpg,3
71,20230411_180255_000126.jpg,3
72,20230411_180255_000127.jpg,3
73,20230411_180255_000128.jpg,3
74,20230411_180255_000129.jpg,3
75,20230411_180255_000130.jpg,3
76,20230411_180255_000131.jpg,3
77,20230411_180255_000140.jpg,3
78,20230411_180255_000141.jpg,3
79,20230411_180255_000142.jpg,3
80,20230411_180255_000143.jpg,3
81,20230411_180255_000146.jpg,3
82,20230411_180255_000147.jpg,3
83,20230411_180255_000166.jpg,3
84,20230411_180255_000167.jpg,3
85,20230411_180255_000168.jpg,3
86,20230411_180255_000169.jpg,3
87,20230411_180255_000170.jpg,3
88,20230411_180255_000171.jpg,3
89,20230419_065532_000155.jpg,3
90,20230419_065532_000156.jpg,3
91,20230419_065532_000157.jpg,3
92,20230419_065532_000158.jpg,3
93,20230419_065532_000162.jpg,3
94,20230419_065532_000163.jpg,3
95,20230419_065532_000164.jpg,3
96,20230419_065532_000234.jpg,3
97,20230419_065532_000235.jpg,3
98,20230419_065532_000236.jpg,3
99,20230419_065532_000237.jpg,3
100,20230419_065532_000238.jpg,3
101,20230402_144533_000007.jpg,0
102,20230402_144533_000008.jpg,0
103,20230402_144533_000009.jpg,0
104,20230402_144533_000010.jpg,0
105,20230402_144533_000011.jpg,0
106,20230402_144533_000012.jpg,0
107,20230402_144533_000013.jpg,0
108,20230402_144533_000014.jpg,0
109,20230402_144533_000015.jpg,0
110,20230402_144533_000016.jpg,0
111,20230402_144533_000017.jpg,0
112,20230402_144533_000018.jpg,0
113,20230402_144533_000019.jpg,0
114,20230402_144533_000020.jpg,0
115,20230402_144533_000021.jpg,0
116,20230402_144533_000022.jpg,0
117,20230402_144533_000023.jpg,0
118,20230402_144533_000024.jpg,0
119,20230402_144533_000025.jpg,0
120,20230402_144533_000030.jpg,0
121,20230402_144533_000031.jpg,0
122,20230402_144533_000032.jpg,0
123,20230402_144533_000033.jpg,0
124,20230402_144533_000034.jpg,0
125,20230402_144533_000035.jpg,0
126,20230402_144533_000036.jpg,0
127,20230402_144533_000037.jpg,0
128,20230402_144533_000038.jpg,0
129,20230402_144533_000039.jpg,0
130,20230402_144533_000040.jpg,0
131,20230402_144533_000041.jpg,0
132,20230402_144533_000042.jpg,0
133,20230402_144533_000043.jpg,0
134,20230402_144533_000044.jpg,0
135,20230402_144533_000045.jpg,0
136,20230402_144533_000046.jpg,0
137,20230402_144533_000047.jpg,0
138,20230402_144533_000048.jpg,0
139,20230402_144533_000049.jpg,0
140,20230402_144533_000050.jpg,0
141,20230402_144533_000051.jpg,0
142,20230402_144533_000052.jpg,0
143,20230402_144533_000053.jpg,0
144,20230402_144533_000054.jpg,0
145,20230402_144533_000133.jpg,0
146,20230402_144533_000134.jpg,0
147,20230402_144533_000135.jpg,0
148,20230402_144533_000136.jpg,0
149,20230402_144533_000137.jpg,0
150,20230402_144533_000138.jpg,0
151,20230402_144533_000139.jpg,0
152,20230402_144533_000140.jpg,0
153,20230402_144533_000141.jpg,0
154,20230402_144533_000142.jpg,0
155,20230402_144533_000143.jpg,0
156,20230402_144533_000144.jpg,0
157,20230402_144533_000145.jpg,0
158,20230402_144533_000146.jpg,0
159,20230402_144533_000147.jpg,0
160,20230402_144533_000148.jpg,0
161,20230402_144533_000157.jpg,0
162,20230402_144533_000158.jpg,0
163,20230402_144533_000159.jpg,0
164,20230402_144533_000160.jpg,0
165,20230402_144533_000161.jpg,0
166,20230402_144533_000162.jpg,0
167,20230402_144533_000244.jpg,0
168,20230402_144533_000245.jpg,0
169,20230402_144533_000246.jpg,0
170,20230402_144533_000247.jpg,0
171,20230402_144533_000248.jpg,0
172,20230402_144533_000249.jpg,0
173,20230402_144533_000250.jpg,0
174,20230402_144533_000254.jpg,0
175,20230402_144533_000264.jpg,0
176,20230402_144533_000265.jpg,0
177,20230402_144533_000266.jpg,0
178,20230402_144533_000267.jpg,0
179,20230402_144533_000268.jpg,0
180,20230402_144533_000269.jpg,0
181,20230402_144533_000270.jpg,0
182,20230402_144533_000271.jpg,0
183,20230402_144533_000272.jpg,0
184,20230402_144533_000274.jpg,0
185,20230402_144533_000275.jpg,0
186,20230402_144533_000348.jpg,0
187,20230402_144533_000349.jpg,0
188,20230402_144533_000350.jpg,0
189,20230402_144533_000351.jpg,0
190,20230402_144533_000352.jpg,0
191,20230402_144533_000353.jpg,0
192,20230402_144533_000354.jpg,0
193,20230402_144533_000355.jpg,0
194,20230402_144533_000357.jpg,0
195,20230402_144533_000365.jpg,0
196,20230402_144533_000366.jpg,0
197,20230402_144533_000367.jpg,0
198,20230402_144533_000368.jpg,0
199,20230402_144533_000369.jpg,0
200,20230402_144533_000370.jpg,0
201,20230403_180028_000080.jpg,0
202,20230403_180028_000081.jpg,0
203,20230403_180028_000082.jpg,0
204,20230403_180028_000083.jpg,0
205,20230403_180028_000084.jpg,0
206,20230403_180028_000085.jpg,0
207,20230403_180028_000087.jpg,0
208,20230403_180028_000097.jpg,0
209,20230403_180028_000105.jpg,0
210,20230403_180028_000219.jpg,0
211,20230403_180028_000220.jpg,0
212,20230403_180028_000221.jpg,0
213,20230403_180028_000222.jpg,0
214,20230403_180028_000223.jpg,0
215,20230403_180028_000224.jpg,0
216,20230403_180028_000234.jpg,0
217,20230403_180028_000235.jpg,0
218,20230403_180028_000236.jpg,0
219,20230403_180028_000239.jpg,0
220,20230403_180028_000240.jpg,0
221,20230403_180028_000245.jpg,0
222,20230403_180028_000246.jpg,0
223,20230403_180028_000247.jpg,0
224,20230403_180028_000248.jpg,0
225,20230403_180028_000249.jpg,0
226,20230403_180028_000250.jpg,0
227,20230403_180028_000251.jpg,0
228,20230403_180652_000093.jpg,0
229,20230403_180652_000094.jpg,0
230,20230403_180652_000095.jpg,0
231,20230403_180652_000096.jpg,0
232,20230403_180652_000097.jpg,0
233,20230403_180652_000098.jpg,0
234,20230403_180652_000101.jpg,0
235,20230403_180652_000102.jpg,0
236,20230403_180652_000103.jpg,0
237,20230403_180652_000104.jpg,0
238,20230403_180652_000114.jpg,0
239,20230403_180652_000134.jpg,0
240,20230403_180652_000200.jpg,0
241,20230403_180652_000201.jpg,0
242,20230411_181209_000033.jpg,0
243,20230411_181209_000034.jpg,0
244,20230411_181209_000035.jpg,0
245,20230411_181209_000036.jpg,0
246,20230411_181209_000037.jpg,0
247,20230403_182052_000163.jpg,4
248,20230403_182052_000164.jpg,4
249,20230403_182052_000165.jpg,4
250,20230403_182052_000166.jpg,4
251,20230403_182052_000167.jpg,4
252,20230403_182052_000168.jpg,4
253,20230403_182052_000169.jpg,4
254,20230403_182052_000170.jpg,4
255,20230403_182052_000171.jpg,4
256,20230403_182052_000172.jpg,4
257,20230403_182052_000183.jpg,4
258,20230403_182052_000184.jpg,4
259,20230403_182052_000185.jpg,4
260,20230403_182052_000186.jpg,4
261,20230403_182052_000187.jpg,4
262,20230403_182052_000188.jpg,4
263,20230411_180255_000042.jpg,4
264,20230411_180255_000043.jpg,4
265,20230411_180255_000044.jpg,4
266,20230411_180255_000045.jpg,4
267,20230411_180255_000046.jpg,4
268,20230411_180255_000047.jpg,4
269,20230411_180255_000048.jpg,4
270,20230411_180255_000049.jpg,4
271,20230411_180255_000050.jpg,4
272,20230411_180255_000051.jpg,4
273,20230411_180255_000052.jpg,4
274,20230411_180255_000053.jpg,4
275,20230411_180255_000054.jpg,4
276,20230411_180255_000055.jpg,4
277,20230411_180255_000056.jpg,4
278,20230411_180255_000057.jpg,4
279,20230411_180255_000058.jpg,4
280,20230411_180255_000059.jpg,4
281,20230411_180255_000068.jpg,4
282,20230411_180255_000069.jpg,4
283,20230411_180255_000070.jpg,4
284,20230411_180255_000071.jpg,4
285,20230411_180255_000072.jpg,4
286,20230411_180255_000073.jpg,4
287,20230411_180255_000074.jpg,4
288,20230411_180255_000075.jpg,4
289,20230411_180255_000076.jpg,4
290,20230411_180255_000077.jpg,4
291,20230411_180255_000078.jpg,4
292,20230411_180255_000079.jpg,4
293,20230411_180255_000080.jpg,4
294,20230411_180255_000081.jpg,4
295,20230411_180255_000082.jpg,4
296,20230411_180255_000083.jpg,4
297,20230411_180255_000084.jpg,4
298,20230411_180255_000085.jpg,4
299,20230411_180255_000086.jpg,4
300,20230411_180255_000087.jpg,4
301,20230411_180255_000088.jpg,4
302,20230411_180255_000089.jpg,4
303,20230419_065532_000001.jpg,4
304,20230419_065532_000002.jpg,4
305,20230419_065532_000003.jpg,4
306,20230419_065532_000004.jpg,4
307,20230419_065532_000005.jpg,4
308,20230419_065532_000006.jpg,4
309,20230419_065532_000007.jpg,4
310,20230419_065532_000008.jpg,4
311,20230419_065532_000131.jpg,4
312,20230419_065532_000132.jpg,4
313,20230419_065532_000133.jpg,4
314,20230419_065532_000134.jpg,4
315,20230419_065532_000135.jpg,4
316,20230419_065532_000136.jpg,4
317,20230419_065532_000137.jpg,4
318,20230419_065532_000138.jpg,4
319,20230419_065532_000139.jpg,4
320,20230419_065532_000140.jpg,4
321,20230419_065532_000141.jpg,4
322,20230419_065532_000142.jpg,4
323,20230419_065532_000143.jpg,4
324,20230419_065532_000144.jpg,4
325,20230419_065532_000281.jpg,4
326,20230419_065532_000282.jpg,4
327,20230419_065532_000283.jpg,4
328,20230419_065532_000284.jpg,4
329,20230419_065532_000285.jpg,4
330,20230419_065532_000286.jpg,4
331,20230419_065532_000287.jpg,4
332,20230419_065532_000288.jpg,4
333,20230419_070604_000091.jpg,4
334,20230419_070604_000092.jpg,4
335,20230419_070604_000093.jpg,4
336,20230419_070604_000094.jpg,4
337,20230419_070604_000095.jpg,4
338,20230419_070604_000096.jpg,4
339,20230419_071112_000055.jpg,4
340,20230419_071112_000056.jpg,4
341,20230419_071112_000057.jpg,4
342,20230419_071112_000058.jpg,4
343,20230419_071112_000059.jpg,4
344,20230419_071112_000060.jpg,4
345,20230419_071112_000067.jpg,4
346,20230419_071112_000068.jpg,4
347,20230419_071112_000069.jpg,4
348,20230419_071112_000070.jpg,4
349,20230419_071112_000071.jpg,4
350,20230419_071112_000072.jpg,4
351,20230402_144533_000078.jpg,2
352,20230402_144533_000079.jpg,2
353,20230402_144533_000080.jpg,2
354,20230402_144533_000081.jpg,2
355,20230402_144533_000082.jpg,2
356,20230402_144533_000083.jpg,2
357,20230402_144533_000084.jpg,2
358,20230402_144533_000100.jpg,2
359,20230402_144533_000101.jpg,2
360,20230402_144533_000102.jpg,2
361,20230402_144533_000103.jpg,2
362,20230402_144533_000104.jpg,2
363,20230402_144533_000105.jpg,2
364,20230402_144533_000106.jpg,2
365,20230402_144533_000107.jpg,2
366,20230402_144533_000108.jpg,2
367,20230402_144533_000109.jpg,2
368,20230402_144533_000110.jpg,2
369,20230402_144533_000111.jpg,2
370,20230402_144533_000112.jpg,2
371,20230402_144533_000113.jpg,2
372,20230402_144533_000114.jpg,2
373,20230402_144533_000115.jpg,2
374,20230402_144533_000116.jpg,2
375,20230402_144533_000117.jpg,2
376,20230402_144533_000118.jpg,2
377,20230402_144533_000119.jpg,2
378,20230402_144533_000196.jpg,2
379,20230402_144533_000197.jpg,2
380,20230402_144533_000198.jpg,2
381,20230402_144533_000199.jpg,2
382,20230402_144533_000200.jpg,2
383,20230402_144533_000201.jpg,2
384,20230402_144533_000202.jpg,2
385,20230402_144533_000203.jpg,2
386,20230402_144533_000204.jpg,2
387,20230402_144533_000205.jpg,2
388,20230402_144533_000206.jpg,2
389,20230402_144533_000207.jpg,2
390,20230402_144533_000208.jpg,2
391,20230402_144533_000209.jpg,2
392,20230402_144533_000210.jpg,2
393,20230402_144533_000211.jpg,2
394,20230402_144533_000212.jpg,2
395,20230402_144533_000213.jpg,2
396,20230402_144533_000214.jpg,2
397,20230402_144533_000215.jpg,2
398,20230402_144533_000216.jpg,2
399,20230402_144533_000217.jpg,2
400,20230402_144533_000218.jpg,2
401,20230402_144533_000219.jpg,2
402,20230402_144533_000220.jpg,2
403,20230402_144533_000221.jpg,2
404,20230402_144533_000222.jpg,2
405,20230402_144533_000223.jpg,2
406,20230402_144533_000318.jpg,2
407,20230402_144533_000319.jpg,2
408,20230402_144533_000320.jpg,2
409,20230402_144533_000321.jpg,2
410,20230402_144533_000322.jpg,2
411,20230402_144533_000323.jpg,2
412,20230402_145217_000001.jpg,2
413,20230402_145217_000002.jpg,2
414,20230402_145217_000003.jpg,2
415,20230402_145217_000004.jpg,2
416,20230402_145217_000010.jpg,2
417,20230402_145217_000125.jpg,2
418,20230402_145217_000126.jpg,2
419,20230402_145217_000127.jpg,2
420,20230402_145217_000128.jpg,2
421,20230402_145217_000129.jpg,2
422,20230402_145217_000130.jpg,2
423,20230402_145217_000197.jpg,2
424,20230402_145217_000198.jpg,2
425,20230402_145217_000199.jpg,2
426,20230402_145217_000200.jpg,2
427,20230402_145217_000201.jpg,2
428,20230402_145217_000202.jpg,2
429,20230402_145217_000205.jpg,2
430,20230402_145217_000206.jpg,2
431,20230402_145217_000207.jpg,2
432,20230402_145217_000208.jpg,2
433,20230402_145217_000209.jpg,2
434,20230402_145217_000210.jpg,2
435,20230402_145217_000211.jpg,2
436,20230402_145217_000212.jpg,2
437,20230402_145217_000213.jpg,2
438,20230402_145217_000214.jpg,2
439,20230402_145217_000215.jpg,2
440,20230402_145217_000216.jpg,2
441,20230402_145217_000217.jpg,2
442,20230402_145217_000218.jpg,2
443,20230402_145217_000219.jpg,2
444,20230402_145217_000220.jpg,2
445,20230402_145217_000221.jpg,2
446,20230402_145217_000222.jpg,2
447,20230402_145217_000223.jpg,2
448,20230402_145217_000224.jpg,2
449,20230402_145217_000225.jpg,2
450,20230402_145217_000226.jpg,2
451,20230403_180028_000033.jpg,2
452,20230403_180028_000034.jpg,2
453,20230403_180028_000035.jpg,2
454,20230403_180028_000036.jpg,2
455,20230403_180028_000265.jpg,2
456,20230403_180028_000266.jpg,2
457,20230403_180028_000267.jpg,2
458,20230403_180028_000268.jpg,2
459,20230403_180028_000269.jpg,2
460,20230403_180028_000270.jpg,2
461,20230403_180028_000271.jpg,2
462,20230403_180028_000272.jpg,2
463,20230403_180028_000275.jpg,2
464,20230403_180028_000276.jpg,2
465,20230403_180028_000277.jpg,2
466,20230403_180028_000278.jpg,2
467,20230403_180028_000279.jpg,2
468,20230403_180028_000280.jpg,2
469,20230403_180028_000321.jpg,2
470,20230403_180028_000322.jpg,2
471,20230403_180028_000323.jpg,2
472,20230403_180028_000324.jpg,2
473,20230403_180028_000325.jpg,2
474,20230403_180028_000326.jpg,2
475,20230403_180028_000327.jpg,2
476,20230403_180028_000328.jpg,2
477,20230403_180028_000329.jpg,2
478,20230403_180028_000330.jpg,2
479,20230402_144533_000003.jpg,1
480,20230402_144533_000056.jpg,1
481,20230402_144533_000060.jpg,1
482,20230402_144533_000062.jpg,1
483,20230402_144533_000066.jpg,1
484,20230402_144533_000067.jpg,1
485,20230402_144533_000068.jpg,1
486,20230402_144533_000069.jpg,1
487,20230402_144533_000165.jpg,1
488,20230402_144533_000170.jpg,1
489,20230402_144533_000173.jpg,1
490,20230402_144533_000174.jpg,1
491,20230402_144533_000175.jpg,1
492,20230402_144533_000176.jpg,1
493,20230402_144533_000257.jpg,1
494,20230402_144533_000258.jpg,1
495,20230402_144533_000259.jpg,1
496,20230402_144533_000260.jpg,1
497,20230402_144533_000279.jpg,1
498,20230402_144533_000280.jpg,1
499,20230402_144533_000281.jpg,1
500,20230402_144533_000345.jpg,1
501,20230402_144533_000346.jpg,1
502,20230402_144533_000363.jpg,1
503,20230402_145217_000015.jpg,1
504,20230402_145217_000016.jpg,1
505,20230402_145217_000018.jpg,1
506,20230402_145217_000019.jpg,1
507,20230402_145217_000020.jpg,1
508,20230402_145217_000022.jpg,1
509,20230402_145217_000023.jpg,1
510,20230402_145217_000024.jpg,1
511,20230402_145217_000025.jpg,1
512,20230402_145217_000248.jpg,1
513,20230402_145217_000250.jpg,1
514,20230402_145217_000251.jpg,1
515,20230402_145217_000313.jpg,1
516,20230402_145217_000314.jpg,1
517,20230402_145217_000315.jpg,1
518,20230402_145217_000316.jpg,1
519,20230402_145217_000333.jpg,1
520,20230402_145217_000334.jpg,1
521,20230402_145217_000335.jpg,1
522,20230402_145217_000336.jpg,1
523,20230402_145217_000337.jpg,1
524,20230402_145217_000338.jpg,1
525,20230402_145217_000339.jpg,1
526,20230402_145217_000340.jpg,1
527,20230402_145217_000341.jpg,1
528,20230402_145217_000342.jpg,1
529,20230403_180028_000100.jpg,1
530,20230403_180028_000101.jpg,1
531,20230403_180028_000102.jpg,1
532,20230403_180028_000108.jpg,1
533,20230403_180028_000109.jpg,1
534,20230403_180028_000111.jpg,1
535,20230403_180028_000112.jpg,1
536,20230403_180028_000114.jpg,1
537,20230403_180028_000116.jpg,1
538,20230403_180028_000153.jpg,1
539,20230403_180028_000208.jpg,1
540,20230403_180028_000209.jpg,1
541,20230403_180028_000256.jpg,1
542,20230403_180028_000257.jpg,1
543,20230403_180028_000258.jpg,1
544,20230403_180028_000259.jpg,1
545,20230403_180028_000261.jpg,1
546,20230403_180028_000341.jpg,1
547,20230403_180028_000342.jpg,1
548,20230403_180028_000343.jpg,1
549,20230403_180652_000087.jpg,1
550,20230403_180652_000088.jpg,1
551,20230403_180652_000089.jpg,1
552,20230403_180652_000090.jpg,1
553,20230403_180652_000111.jpg,1
554,20230403_180652_000112.jpg,1
555,20230403_180652_000130.jpg,1
556,20230403_180652_000138.jpg,1
557,20230403_180652_000139.jpg,1
558,20230403_180652_000140.jpg,1
559,20230403_180652_000141.jpg,1
560,20230403_180652_000142.jpg,1
561,20230403_180652_000143.jpg,1
562,20230403_180652_000144.jpg,1
563,20230403_180652_000145.jpg,1
564,20230403_180652_000147.jpg,1
565,20230403_180652_000149.jpg,1
566,20230403_180652_000160.jpg,1
567,20230403_180652_000161.jpg,1
568,20230403_180652_000174.jpg,1
569,20230403_180652_000175.jpg,1
570,20230403_180652_000178.jpg,1
571,20230403_180652_000245.jpg,1
572,20230403_180652_000246.jpg,1
573,20230403_180652_000247.jpg,1
574,20230403_180652_000248.jpg,1
575,20230403_180652_000250.jpg,1
576,20230403_180652_000261.jpg,1
577,20230403_180652_000262.jpg,1
578,20230403_180652_000265.jpg,1
579,20230403_180652_000302.jpg,1
580,20230403_180652_000305.jpg,1
581,20230403_180652_000306.jpg,1
582,20230403_180652_000307.jpg,1
583,20230403_180652_000308.jpg,1
584,20230403_180652_000309.jpg,1
585,20230403_180652_000310.jpg,1
